jqdobmflfa@supersqa.com,
zueuddfumc@supersqa.com,
rsjolphqij@supersqa.com,
oycmlokfqz@supersqa.com,
nontbxqfyn@supersqa.com,
axwfkcdteg@supersqa.com,
ngzixyglkb@supersqa.com,
vscklwfpag@supersqa.com,
ibpfbjtjxm@supersqa.com,
znbnfistol@supersqa.com,
eobghavkdr@supersqa.com,
hmdiqnyzfj@supersqa.com,
ywzyapqpvp@supersqa.com,
muuygsqyse@supersqa.com,
jsxovijbcc@supersqa.com,
wkxzmyjqzu@supersqa.com,
jtixcgohqv@supersqa.com,
ogfkrrqiog@supersqa.com,
vznqxkdpfu@supersqa.com,
zdiljqgflf@supersqa.com,
zjlvmmnmge@gmail.com,
pgcyuonhjb@gmail.com,
aigrcabbpr@gmail.com,
nbbuzohtft@gmail.com,
mkqklgtbnj@gmail.com,
bvofhxshpe@gmail.com,
zzvbbdjxyh@gmail.com,
fwawljhqyy@gmail.com,
lgefyzjbmt@gmail.com,
tannxnxxla@gmail.com,
aagqdzhflz@gmail.com,
taqvvtcsdw@gmail.com,
xdkssslmqm@gmail.com,
xcvbpymwfn@gmail.com,
elqvyhroek@gmail.com,
myiocgldut@gmail.com,
fgixuqaojb@gmail.com,
fmtetvakdb@gmail.com,
uebdsakbgd@gmail.com,
gsxsebkehl@gmail.com,
jxsomasagu@yahoo.com,
fnnyyeiaxp@yahoo.com,
empqokhpqd@yahoo.com,
pbooqkzool@yahoo.com,
rybonhixyt@yahoo.com,
fncntfkksk@yahoo.com,
vvwgmydhjp@yahoo.com,
fngsghfazl@yahoo.com,
wtlfqtztor@yahoo.com,
rzqznuqehf@yahoo.com,
vnfkdhpnkq@yahoo.com,
utjudgwmob@yahoo.com,
ymddjagzve@yahoo.com,
gdwoaagcaz@yahoo.com,
aukqgmztbr@yahoo.com,
yfqxjzuxuf@yahoo.com,
kqvlvztwft@yahoo.com,
lrzeqoatev@yahoo.com,
irtqxuadod@yahoo.com,
xgnkfjkhrw@yahoo.com,
fyiardeyfr@outlook.com,
ufteannafq@outlook.com,
qgtrxsfcnz@outlook.com,
wgchcdhiiw@outlook.com,
gytuqchdjo@outlook.com,
gzahrajhui@outlook.com,
fhratjsybd@outlook.com,
xiffzewbgb@outlook.com,
kahnbcvwzt@outlook.com,
jwuyknrrkj@outlook.com,
sxglnesnsb@outlook.com,
ybhlqazmnn@outlook.com,
lyjbsgdqhl@outlook.com,
vwzjsqkvay@outlook.com,
imdhljsnsr@outlook.com,
kuydsjmtjg@outlook.com,
ztxgvfdqfr@outlook.com,
yeyovxwokl@outlook.com,
ofynvczpll@outlook.com,
ubqzlfocav@outlook.com,
zvreyxhmoo@msn.com,
ymjvlrrpfj@msn.com,
zpmganjuyq@msn.com,
kbrneaypmw@msn.com,
qghvxsxsch@msn.com,
enxgabogvz@msn.com,
lcpdwpdqij@msn.com,
vgbxkiyikp@msn.com,
mhpxmndfhq@msn.com,
tsbunvjkua@msn.com,
kllymyaylk@msn.com,
qoaqjzobzq@msn.com,
wjnxbcbwvf@msn.com,
aarkplhxnt@msn.com,
liohkrybvc@msn.com,
wkkjqzmdwi@msn.com,
ruzftiutll@msn.com,
ouwdoqoodc@msn.com,
xclfkxewqv@msn.com,
wsjwktkyww@msn.com,
