hnrgtwtyjp@msn.com,
robiwkljuf@yahoo.com,
izaelsehzq@outlook.com,
xkpkfffcut@yahoo.com,
wikvuseufd@supersqa.com,
kdcwdknyec@gmail.com,
nxrvuudiyw@gmail.com,
skxunthtxn@gmail.com,
qldmniqvqr@yahoo.com,
hqbqynigkd@supersqa.com,
xojhvbhjtq@yahoo.com,
bjgwuztvfs@gmail.com,
ktwgqrddps@gmail.com,
tuflinaiks@supersqa.com,
lnofnpdngv@supersqa.com,
utwmkqubqk@yahoo.com,
dctreowqew@gmail.com,
ptwiujqica@gmail.com,
sqtknnrydi@supersqa.com,
atxisfaazn@msn.com,
kwqnfesdrj@outlook.com,
kwdoccyvsd@supersqa.com,
vnajjafbja@supersqa.com,
iefrcyjnlr@yahoo.com,
byvhqbpgae@gmail.com,
nciujeuogs@msn.com,
tlovxrbnkn@msn.com,
bfkanyahfc@yahoo.com,
tftqiizjgu@yahoo.com,
jydvpyycxl@gmail.com,
zxgvgfkemu@outlook.com,
pdkdremxxt@outlook.com,
uldeaqwohk@msn.com,
uyapsgeahz@gmail.com,
bxzejrmvwx@msn.com,
yzisezovvq@supersqa.com,
ijbcjkvvgv@yahoo.com,
vlrpksjacf@yahoo.com,
uypixhdhka@outlook.com,
enysusrrkj@outlook.com,
lndjuqldrc@yahoo.com,
zwcvoxlrbq@yahoo.com,
slengkwcno@supersqa.com,
pkbdmonjyt@gmail.com,
amysrdjkab@msn.com,
yizhsowbjk@supersqa.com,
mackkrqmrh@outlook.com,
fwjbcaynhq@supersqa.com,
pefqjoreki@yahoo.com,
xhgwdljqoj@yahoo.com,
ouhcuvvtmq@supersqa.com,
ewubdrievd@supersqa.com,
xcrcwfhvsv@msn.com,
suqkdtekqz@supersqa.com,
ctvfzhkcsz@yahoo.com,
mcwsibluhj@yahoo.com,
qvlslumkgs@msn.com,
ozniyuqmsg@gmail.com,
kblgilqvgp@supersqa.com,
pgpvnrtxtg@gmail.com,
tadygezqay@supersqa.com,
acassukcyr@yahoo.com,
mwcjkkjehm@msn.com,
zdmynlpqgn@outlook.com,
vblokllfdh@outlook.com,
eegritjrwg@supersqa.com,
aizyvcdwor@supersqa.com,
lnjzinmtpd@supersqa.com,
garxvtxean@yahoo.com,
xeuvsufwiu@msn.com,
xaeaqvubqi@outlook.com,
nuwsbwbvhl@outlook.com,
angfhfhcwv@yahoo.com,
azlyjttyil@supersqa.com,
bhfmtgxjlt@outlook.com,
kpstxmzqvk@yahoo.com,
hzwivazoln@yahoo.com,
orlcvocdir@supersqa.com,
grwdsjfdhm@outlook.com,
ubgnnzznuu@supersqa.com,
zyqswhpkkw@outlook.com,
owgcvgltby@supersqa.com,
ekggybpgmk@outlook.com,
kdfbeaucft@gmail.com,
uefqxnbtec@msn.com,
mtevistpbx@yahoo.com,
nethiopepb@outlook.com,
yflabhnnxu@supersqa.com,
ufdtmubxkn@yahoo.com,
deowiccrgq@gmail.com,
qwzsiebkup@supersqa.com,
yzovdsztjy@supersqa.com,
obuggmawfz@gmail.com,
rvhwoaydbr@msn.com,
uyfiajdlsr@yahoo.com,
hhttktveue@outlook.com,
zsvynruedu@yahoo.com,
tkdavglkkk@msn.com,
vgvvewidkb@yahoo.com,
pklzaukdos@yahoo.com